code_commune,nom_standard,population,latitude_centre,longitude_centre
77001,Achères-la-Forêt,1154,48.348,2.565
77002,Amillis,811,48.736,3.135
77003,Amponville,346,48.287,2.531
77004,Andrezel,311,48.615,2.807
77005,Annet-sur-Marne,3317,48.922,2.708
77006,Arbonne-la-Forêt,992,48.41,2.561
77007,Argentières,354,48.652,2.871
77008,Armentières-en-Brie,1205,48.981,3.016
77009,Arville,135,48.181,2.557
77010,Aubepierre-Ozouer-le-Repos,946,48.62,2.903
77011,Aufferville,483,48.205,2.601
77012,Augers-en-Brie,285,48.667,3.352
77013,Aulnoy,361,48.849,3.089
77014,Avon,13660,48.413,2.734
77015,Baby,106,48.389,3.345
77016,Bagneaux-sur-Loing,1595,48.223,2.708
77018,Bailly-Romainvilliers,7169,48.843,2.817
77019,Balloy,343,48.397,3.151
77020,Bannost-Villegagnon,648,48.675,3.192
77021,Barbey,153,48.366,3.05
77022,Barbizon,1241,48.448,2.6
77023,Barcy,362,49.017,2.877
77024,Bassevelle,395,48.923,3.282
77025,Bazoches-lès-Bray,875,48.398,3.193
77026,Beauchery-Saint-Martin,364,48.602,3.421
77027,Beaumont-du-Gâtinais,1155,48.141,2.492
77029,Beauvoir,183,48.642,2.864
77030,Bellot,774,48.842,3.324
77031,Bernay-Vilbert,961,48.675,2.93
77032,Beton-Bazoches,935,48.707,3.246
77033,Bezalles,228,48.667,3.24
77034,Blandy,775,48.56,2.795
77035,Blennes,546,48.245,3.012
77036,Boisdon,134,48.676,3.226
77037,Bois-le-Roi,5979,48.476,2.702
77038,Boissettes,417,48.524,2.615
77039,Boissise-la-Bertrand,1181,48.534,2.59
77040,Boissise-le-Roi,3700,48.512,2.57
77041,Boissy-aux-Cailles,276,48.312,2.493
77042,Boissy-le-Châtel,3285,48.825,3.137
77043,Boitron,328,48.897,3.262
77044,Bombon,944,48.568,2.868
77045,Bougligny,722,48.199,2.667
77046,Boulancourt,332,48.262,2.451
77047,Bouleurs,1720,48.879,2.908
77048,Bourron-Marlotte,2762,48.335,2.702
77049,Boutigny,825,48.913,2.929
77050,Bransles,525,48.149,2.828
77051,Bray-sur-Seine,2356,48.415,3.244
77052,Bréau,360,48.558,2.88
77053,Brie-Comte-Robert,19213,48.692,2.614
77054,La Brosse-Montceaux,730,48.339,3.024
77055,Brou-sur-Chantereine,4992,48.89,2.64
77056,Burcy,146,48.233,2.526
77057,Bussières,561,48.927,3.238
77058,Bussy-Saint-Georges,26571,48.831,2.722
77059,Bussy-Saint-Martin,702,48.846,2.679
77060,Buthiers,749,48.287,2.454
77061,Cannes-Écluse,2659,48.364,2.991
77062,Carnetin,456,48.904,2.699
77063,La Celle-sur-Morin,1251,48.796,2.972
77065,Cély,1241,48.46,2.525
77066,Cerneux,294,48.705,3.346
77067,Cesson,11140,48.565,2.595
77068,Cessoy-en-Montois,214,48.507,3.139
77069,Chailly-en-Bière,2118,48.47,2.612
77070,Chailly-en-Brie,1539,48.792,3.134
77071,Chaintreaux,831,48.191,2.814
77072,Chalautre-la-Grande,671,48.55,3.446
77073,Chalautre-la-Petite,549,48.527,3.315
77075,Chalifert,1482,48.895,2.773
77076,Chalmaison,753,48.49,3.256
77077,Chambry,1038,48.998,2.894
77078,Chamigny,1378,48.985,3.142
77079,Champagne-sur-Seine,6356,48.409,2.808
77080,Champcenest,196,48.671,3.277
77081,Champdeuil,731,48.622,2.731
77082,Champeaux,810,48.592,2.811
77083,Champs-sur-Marne,25695,48.848,2.596
77084,Changis-sur-Marne,1386,48.966,3.025
77085,Chanteloup-en-Brie,4171,48.858,2.74
77086,La Chapelle-Gauthier,1420,48.531,2.863
77087,La Chapelle-Iger,184,48.652,2.992
77088,La Chapelle-la-Reine,2301,48.316,2.567
77089,La Chapelle-Rablais,899,48.506,2.961
77090,La Chapelle-Saint-Sulpice,240,48.558,3.18
77091,Les Chapelles-Bourbon,469,48.744,2.836
77093,La Chapelle-Moutils,420,48.777,3.383
77094,Charmentray,298,48.951,2.779
77095,Charny,1575,48.97,2.756
77096,Chartrettes,2543,48.494,2.714
77097,Chartronges,300,48.751,3.263
77098,Châteaubleau,361,48.583,3.109
77099,Château-Landon,3085,48.148,2.7
77100,Le Châtelet-en-Brie,4258,48.502,2.803
77101,Châtenay-sur-Seine,1054,48.42,3.094
77102,Châtenoy,159,48.231,2.627
77103,Châtillon-la-Borde,222,48.538,2.827
77104,Châtres,711,48.713,2.816
77106,Chauffry,1014,48.822,3.181
77107,Chaumes-en-Brie,3401,48.667,2.845
77108,Chelles,54309,48.884,2.597
77109,Chenoise-Cucharmoy,1654,48.622,3.192
77110,Chenou,301,48.165,2.653
77111,Chessy,6875,48.872,2.77
77112,Chevrainvilliers,254,48.246,2.602
77113,Chevru,1047,48.734,3.196
77114,Chevry-Cossigny,3904,48.723,2.677
77115,Chevry-en-Sereine,505,48.249,2.96
77116,Choisy-en-Brie,1308,48.765,3.213
77117,Citry,941,48.961,3.246
77118,Claye-Souilly,12282,48.943,2.675
77119,Clos-Fontaine,239,48.604,3.014
77120,Cocherel,622,49.018,3.107
77121,Collégien,3334,48.827,2.677
77122,Combs-la-Ville,22240,48.658,2.575
77123,Compans,820,48.989,2.656
77124,Conches-sur-Gondoire,1742,48.858,2.719
77125,Condé-Sainte-Libiaire,1438,48.899,2.836
77126,Congis-sur-Thérouanne,1772,49.012,2.978
77127,Coubert,1879,48.678,2.708
77128,Couilly-Pont-aux-Dames,2100,48.882,2.865
77129,Coulombs-en-Valois,572,49.078,3.128
77130,Coulommes,532,48.892,2.929
77131,Coulommiers,15250,48.812,3.091
77132,Coupvray,2949,48.886,2.794
77133,Courcelles-en-Bassée,205,48.413,3.053
77134,Courchamp,150,48.642,3.29
77135,Courpalay,1385,48.643,2.954
77136,Courquetaine,190,48.68,2.748
77137,Courtacon,243,48.703,3.291
77138,Courtomer,554,48.658,2.896
77139,Courtry,6885,48.917,2.603
77140,Coutençon,267,48.473,2.997
77141,Coutevroult,1194,48.853,2.848
77142,Crécy-la-Chapelle,4779,48.857,2.933
77143,Crégy-lès-Meaux,5354,48.978,2.874
77144,Crèvecœur-en-Brie,445,48.756,2.907
77145,Crisenoy,605,48.603,2.745
77146,Croissy-Beaubourg,1990,48.817,2.656
77147,La Croix-en-Brie,663,48.594,3.071
77148,Crouy-sur-Ourcq,1808,49.087,3.08
77150,Cuisy,466,49.02,2.778
77151,Dagny,281,48.714,3.165
77152,Dammarie-les-Lys,22845,48.514,2.628
77153,Dammartin-en-Goële,11272,49.054,2.679
77154,Dammartin-sur-Tigeaux,1249,48.808,2.903
77155,Dampmart,3586,48.894,2.746
77156,Darvault,907,48.277,2.728
77157,Dhuisy,323,49.036,3.164
77158,Diant,197,48.291,3.005
77159,Donnemarie-Dontilly,2747,48.478,3.118
77161,Dormelles,790,48.313,2.889
77162,Doue,1108,48.874,3.169
77163,Douy-la-Ramée,381,49.062,2.884
77164,Échouboulains,558,48.464,2.93
77165,Les Écrennes,610,48.496,2.876
77167,Égligny,316,48.44,3.124
77168,Égreville,2143,48.182,2.884
77169,Émerainville,7601,48.82,2.609
77171,Esbly,6402,48.901,2.812
77172,Esmans,888,48.343,2.969
77173,Étrépilly,822,49.042,2.93
77174,Everly,570,48.46,3.264
77175,Évry-Grégy-sur-Yerre,3150,48.654,2.64
77176,Faremoutiers,3013,48.778,3.0
77177,Favières,1239,48.78,2.768
77178,Faÿ-lès-Nemours,498,48.228,2.664
77179,Féricy,600,48.465,2.804
77180,Férolles-Attilly,1255,48.734,2.639
77181,Ferrières-en-Brie,3841,48.82,2.708
77182,La Ferté-Gaucher,4820,48.788,3.304
77183,La Ferté-sous-Jouarre,9714,48.954,3.128
77184,Flagy,602,48.31,2.917
77185,Fleury-en-Bière,656,48.445,2.54
77186,Fontainebleau,15945,48.407,2.68
77187,Fontaine-Fourches,580,48.412,3.394
77188,Fontaine-le-Port,1003,48.484,2.767
77190,Fontains,266,48.522,3.007
77191,Fontenailles,1070,48.532,2.927
77192,Fontenay-Trésigny,5757,48.698,2.862
77193,Forfry,239,49.054,2.85
77194,Forges,421,48.422,2.949
77195,Fouju,607,48.587,2.765
77196,Fresnes-sur-Marne,956,48.942,2.74
77197,Frétoy,172,48.706,3.203
77198,Fromont,236,48.254,2.508
77199,Fublaines,1391,48.939,2.941
77200,Garentreville,122,48.234,2.56
77201,Gastins,703,48.627,3.02
77202,La Genevraye,814,48.315,2.753
77203,Germigny-l'Évêque,1345,48.986,2.958
77204,Germigny-sous-Coulombs,205,49.064,3.161
77205,Gesvres-le-Chapitre,146,49.036,2.843
77206,Giremoutiers,187,48.853,3.033
77207,Gironville,157,48.163,2.533
77208,Gouaix,1335,48.476,3.297
77209,Gouvernes,1178,48.858,2.695
77210,La Grande-Paroisse,2873,48.392,2.898
77211,Grandpuits-Bailly-Carrois,1014,48.582,2.976
77212,Gravon,161,48.388,3.125
77214,Gressy,800,48.965,2.664
77215,Gretz-Armainvilliers,8556,48.75,2.726
77216,Grez-sur-Loing,1436,48.307,2.677
77217,Grisy-Suisnes,2749,48.684,2.676
77218,Grisy-sur-Seine,107,48.439,3.318
77219,Guérard,2655,48.819,2.952
77220,Guercheville,264,48.26,2.558
77221,Guermantes,1148,48.851,2.712
77222,Guignes,4414,48.636,2.8
77223,Gurcy-le-Châtel,564,48.484,3.081
77224,Hautefeuille,254,48.766,2.964
77225,La Haute-Maison,336,48.884,3.006
77226,Héricy,2511,48.442,2.789
77227,Hermé,622,48.486,3.346
77228,Hondevilliers,259,48.904,3.312
77229,La Houssaye-en-Brie,1675,48.756,2.868
77230,Ichy,159,48.206,2.542
77231,Isles-les-Meldeuses,799,48.998,3.012
77232,Isles-lès-Villenoy,1140,48.917,2.831
77233,Iverny,603,48.996,2.791
77234,Jablines,683,48.914,2.757
77235,Jaignes,318,48.987,3.075
77236,Jaulnes,345,48.414,3.276
77237,Jossigny,641,48.831,2.763
77238,Jouarre,4304,48.902,3.113
77239,Jouy-le-Châtel,1526,48.664,3.135
77240,Jouy-sur-Morin,2212,48.796,3.272
77241,Juilly,2020,49.022,2.706
77242,Jutigny,537,48.494,3.227
77243,Lagny-sur-Marne,21191,48.873,2.71
77244,Larchant,713,48.283,2.599
77245,Laval-en-Brie,395,48.455,2.976
77246,Léchelle,579,48.572,3.389
77247,Lescherolles,435,48.761,3.35
77248,Lesches,772,48.915,2.793
77249,Lésigny,7102,48.75,2.616
77250,Leudon-en-Brie,165,48.73,3.268
77251,Lieusaint,13808,48.626,2.55
77252,Limoges-Fourches,573,48.627,2.67
77253,Lissy,330,48.618,2.702
77254,Liverdy-en-Brie,1306,48.696,2.78
77255,Livry-sur-Seine,2215,48.505,2.686
77256,Lizines,183,48.528,3.165
77257,Lizy-sur-Ourcq,3519,49.035,3.019
77258,Lognes,14650,48.833,2.634
77259,Longperrier,2669,49.051,2.655
77260,Longueville,1800,48.514,3.238
77261,Lorrez-le-Bocage-Préaux,1213,48.24,2.896
77262,Louan-Villegruis-Fontaine,493,48.615,3.489
77263,Luisetaines,230,48.461,3.186
77264,Lumigny-Nesles-Ormeaux,1497,48.72,2.954
77265,Luzancy,1070,48.978,3.181
77266,Machault,786,48.446,2.841
77267,La Madeleine-sur-Loing,350,48.205,2.702
77268,Magny-le-Hongre,9064,48.867,2.814
77269,Maincy,1833,48.554,2.706
77270,Maisoncelles-en-Brie,958,48.859,2.994
77271,Maisoncelles-en-Gâtinais,137,48.183,2.621
77272,Maison-Rouge,858,48.555,3.151
77273,Marchémoret,604,49.053,2.752
77274,Marcilly,459,49.037,2.88
77275,Les Marêts,152,48.672,3.317
77276,Mareuil-lès-Meaux,3304,48.924,2.87
77277,Marles-en-Brie,1843,48.725,2.888
77278,Marolles-en-Brie,412,48.774,3.162
77279,Marolles-sur-Seine,1812,48.384,3.032
77280,Mary-sur-Marne,1114,49.016,3.033
77281,Mauperthuis,480,48.77,3.038
77282,Mauregard,358,49.029,2.572
77283,May-en-Multien,904,49.07,3.025
77284,Meaux,55616,48.957,2.9
77285,Le Mée-sur-Seine,20207,48.54,2.629
77286,Meigneux,233,48.514,3.097
77287,Meilleray,502,48.798,3.417
77288,Melun,42367,48.544,2.658
77289,Melz-sur-Seine,347,48.504,3.397
77290,Méry-sur-Marne,696,48.976,3.203
77291,Le Mesnil-Amelot,1016,49.016,2.596
77292,Messy,1213,48.967,2.701
77293,Misy-sur-Yonne,868,48.366,3.095
77294,Mitry-Mory,20627,48.978,2.612
77295,Moisenay,1371,48.565,2.741
77296,Moissy-Cramayel,18248,48.629,2.596
77297,Mondreville,325,48.151,2.598
77298,Mons-en-Montois,443,48.491,3.14
77300,Montceaux-lès-Meaux,624,48.943,2.994
77301,Montceaux-lès-Provins,322,48.696,3.444
77302,Montcourt-Fromonville,1925,48.299,2.712
77303,Montdauphin,234,48.853,3.42
77304,Montenils,26,48.835,3.478
77305,Montereau-Fault-Yonne,22259,48.39,2.962
77306,Montereau-sur-le-Jard,495,48.596,2.672
77307,Montévrain,13934,48.868,2.75
77308,Montgé-en-Goële,720,49.029,2.744
77309,Monthyon,1749,49.01,2.833
77310,Montigny-le-Guesdier,302,48.381,3.25
77311,Montigny-Lencoup,1384,48.454,3.053
77312,Montigny-sur-Loing,2621,48.341,2.751
77313,Montmachoux,244,48.32,2.992
77314,Montolivet,245,48.828,3.432
77315,Montry,3799,48.886,2.823
77316,Moret-Loing-et-Orvanne,12581,48.365,2.812
77317,Mormant,5222,48.598,2.882
77318,Mortcerf,1416,48.783,2.906
77319,Mortery,140,48.592,3.248
77320,Mouroux,5928,48.827,3.051
77321,Mousseaux-lès-Bray,661,48.396,3.23
77322,Moussy-le-Neuf,3270,49.07,2.608
77323,Moussy-le-Vieux,1476,49.048,2.624
77325,Mouy-sur-Seine,362,48.432,3.246
77326,Nandy,6294,48.582,2.548
77327,Nangis,8898,48.555,3.009
77328,Nanteau-sur-Essonne,407,48.32,2.427
77329,Nanteau-sur-Lunain,689,48.254,2.813
77330,Nanteuil-lès-Meaux,6800,48.929,2.899
77331,Nanteuil-sur-Marne,420,48.98,3.222
77332,Nantouillet,294,49.001,2.702
77333,Nemours,13189,48.26,2.711
77335,Chauconin-Neufmontiers,3655,48.972,2.832
77336,Neufmoutiers-en-Brie,1216,48.774,2.826
77337,Noisiel,15461,48.846,2.62
77338,Noisy-Rudignon,595,48.336,2.934
77339,Noisy-sur-École,1822,48.378,2.509
77340,Nonville,601,48.289,2.774
77341,Noyen-sur-Seine,384,48.452,3.342
77342,Obsonville,115,48.217,2.569
77343,Ocquerre,378,49.034,3.06
77344,Oissery,2459,49.07,2.818
77345,Orly-sur-Morin,660,48.901,3.227
77347,Les Ormes-sur-Voulzie,855,48.46,3.225
77348,Ormesson,241,48.244,2.652
77349,Othis,6739,49.083,2.654
77350,Ozoir-la-Ferrière,20692,48.764,2.68
77352,Ozouer-le-Voulgis,1970,48.665,2.777
77353,Paley,462,48.241,2.854
77354,Pamfou,950,48.469,2.864
77355,Paroy,176,48.481,3.202
77356,Passy-sur-Seine,44,48.429,3.346
77357,Pécy,846,48.647,3.075
77358,Penchard,1354,48.991,2.858
77359,Perthes,2040,48.48,2.55
77360,Pézarches,398,48.744,2.99
77361,Pierre-Levée,467,48.897,3.037
77363,Le Pin,1548,48.914,2.628
77364,Le Plessis-aux-Bois,258,49.004,2.768
77365,Le Plessis-Feu-Aussoux,615,48.713,3.039
77366,Le Plessis-l'Évêque,292,49.007,2.796
77367,Le Plessis-Placy,288,49.053,2.985
77368,Poigny,504,48.545,3.277
77369,Poincy,764,48.973,2.924
77370,Poligny,778,48.234,2.756
77371,Pommeuse,3015,48.818,3.006
77372,Pomponne,4158,48.887,2.675
77373,Pontault-Combault,38258,48.787,2.614
77374,Pontcarré,2156,48.796,2.707
77376,Précy-sur-Marne,779,48.932,2.768
77377,Presles-en-Brie,2313,48.713,2.737
77378,Pringy,3558,48.518,2.55
77379,Provins,11958,48.563,3.288
77380,Puisieux,319,49.065,2.915
77381,Quiers,656,48.614,2.962
77382,Quincy-Voisins,5435,48.899,2.878
77383,Rampillon,831,48.541,3.073
77384,Réau,1966,48.607,2.624
77385,Rebais,2289,48.858,3.233
77386,Recloses,616,48.34,2.643
77387,Remauville,469,48.221,2.825
77388,Reuil-en-Brie,816,48.957,3.163
77389,La Rochette,3870,48.507,2.66
77390,Roissy-en-Brie,23061,48.79,2.661
77391,Rouilly,493,48.592,3.289
77392,Rouvres,1005,49.064,2.718
77393,Rozay-en-Brie,2819,48.684,2.964
77394,Rubelles,3273,48.565,2.68
77395,Rumont,122,48.27,2.495
77396,Rupéreux,100,48.643,3.327
77397,Saâcy-sur-Marne,1864,48.951,3.217
77398,Sablonnières,745,48.876,3.293
77400,Saint-Augustin,1820,48.789,3.029
77401,Sainte-Aulde,678,49.003,3.175
77402,Saint-Barthélemy,338,48.82,3.364
77403,Saint-Brice,810,48.572,3.334
77404,Sainte-Colombe,1793,48.534,3.259
77405,Saint-Cyr-sur-Morin,1954,48.912,3.175
77406,Saint-Denis-lès-Rebais,1012,48.845,3.199
77407,Saint-Fargeau-Ponthierry,14516,48.539,2.525
77408,Saint-Fiacre,458,48.925,2.954
77409,Saint-Germain-Laval,2828,48.409,2.995
77410,Saint-Germain-Laxis,741,48.586,2.706
77411,Saint-Germain-sous-Doue,557,48.851,3.139
77412,Saint-Germain-sur-École,377,48.474,2.511
77413,Saint-Germain-sur-Morin,3881,48.875,2.84
77414,Saint-Hilliers,484,48.629,3.258
77415,Saint-Jean-les-Deux-Jumeaux,1285,48.939,3.027
77416,Saint-Just-en-Brie,255,48.611,3.121
77417,Saint-Léger,249,48.844,3.271
77418,Saint-Loup-de-Naud,869,48.537,3.218
77419,Saint-Mammès,3302,48.387,2.819
77420,Saint-Mard,3847,49.039,2.697
77421,Saint-Mars-Vieux-Maisons,252,48.738,3.32
77423,Saint-Martin-des-Champs,657,48.788,3.334
77424,Saint-Martin-du-Boschet,270,48.732,3.429
77425,Saint-Martin-en-Bière,734,48.434,2.575
77426,Saint-Méry,333,48.57,2.838
77427,Saint-Mesmes,613,48.986,2.715
77428,Saint-Ouen-en-Brie,833,48.566,2.92
77429,Saint-Ouen-sur-Morin,530,48.907,3.202
77430,Saint-Pathus,6358,49.074,2.788
77431,Saint-Pierre-lès-Nemours,5416,48.265,2.666
77432,Saint-Rémy-de-la-Vanne,981,48.812,3.242
77433,Beautheil-Saints,2035,48.764,3.059
77434,Saint-Sauveur-lès-Bray,361,48.438,3.205
77435,Saint-Sauveur-sur-École,1103,48.5,2.534
77436,Saint-Siméon,908,48.805,3.194
77437,Saint-Soupplets,3585,49.037,2.802
77438,Saint-Thibault-des-Vignes,6266,48.864,2.676
77439,Salins,1171,48.432,3.019
77440,Sammeron,1143,48.942,3.077
77441,Samois-sur-Seine,2010,48.455,2.753
77442,Samoreau,2426,48.42,2.77
77443,Sancy,389,48.879,2.961
77444,Sancy-lès-Provins,331,48.71,3.393
77445,Savigny-le-Temple,30510,48.588,2.574
77446,Savins,593,48.512,3.205
77447,Seine-Port,1824,48.552,2.554
77448,Sept-Sorts,572,48.94,3.106
77449,Serris,9706,48.845,2.788
77450,Servon,3396,48.715,2.592
77451,Signy-Signets,602,48.917,3.064
77452,Sigy,67,48.473,3.164
77453,Sivry-Courtry,1122,48.531,2.756
77454,Sognolles-en-Montois,359,48.519,3.152
77455,Soignolles-en-Brie,2026,48.645,2.708
77456,Soisy-Bouy,832,48.508,3.3
77457,Solers,1231,48.659,2.727
77458,Souppes-sur-Loing,5114,48.187,2.748
77459,Sourdun,1517,48.537,3.363
77460,Tancrou,334,49.004,3.08
77461,Thénisy,301,48.492,3.178
77462,Thieux,902,49.009,2.663
77463,Thomery,3411,48.404,2.78
77464,Thorigny-sur-Marne,10405,48.892,2.712
77465,Thoury-Férottes,643,48.298,2.94
77466,Tigeaux,376,48.825,2.899
77467,La Tombe,199,48.387,3.094
77468,Torcy,22444,48.853,2.651
77469,Touquin,1221,48.733,3.029
77470,Tournan-en-Brie,8340,48.74,2.778
77471,Tousson,341,48.343,2.458
77472,La Trétoire,479,48.879,3.246
77473,Treuzy-Levelay,421,48.273,2.795
77474,Trilbardou,684,48.949,2.804
77475,Trilport,5081,48.959,2.966
77476,Trocy-en-Multien,228,49.042,2.962
77477,Ury,864,48.341,2.6
77478,Ussy-sur-Marne,1074,48.967,3.082
77479,Vaires-sur-Marne,13518,48.87,2.636
77480,Valence-en-Brie,1040,48.446,2.893
77481,Vanvillé,187,48.555,3.116
77482,Varennes-sur-Seine,3688,48.368,2.93
77483,Varreddes,2121,49.006,2.928
77484,Vaucourtois,286,48.899,2.957
77485,Le Vaudoué,732,48.347,2.522
77486,Vaudoy-en-Brie,887,48.698,3.082
77487,Vaux-le-Pénil,11174,48.525,2.697
77489,Vaux-sur-Lunain,234,48.217,2.956
77490,Vendrest,682,49.042,3.108
77492,Verdelot,634,48.878,3.365
77493,Verneuil-l'Étang,3198,48.637,2.832
77494,Vernou-la-Celle-sur-Seine,2606,48.406,2.854
77495,Vert-Saint-Denis,8822,48.571,2.627
77496,Vieux-Champagne,189,48.587,3.138
77498,Vignely,318,48.933,2.816
77500,Villebéon,460,48.205,2.928
77501,Villecerf,722,48.327,2.846
77504,Villemaréchal,1082,48.272,2.868
77505,Villemareuil,387,48.92,2.985
77506,Villemer,778,48.304,2.826
77507,Villenauxe-la-Petite,439,48.4,3.313
77508,Villeneuve-le-Comte,1870,48.812,2.838
77509,Villeneuve-les-Bordes,616,48.495,3.031
77510,Villeneuve-Saint-Denis,1398,48.812,2.793
77511,Villeneuve-sous-Dammartin,628,49.029,2.637
77512,Villeneuve-sur-Bellot,1136,48.873,3.333
77513,Villenoy,5019,48.941,2.852
77514,Villeparisis,26822,48.942,2.617
77515,Villeroy,699,48.982,2.783
77516,Ville-Saint-Jacques,828,48.344,2.898
77517,Villevaudé,2132,48.912,2.662
77518,Villiers-en-Bière,238,48.495,2.6
77519,Villiers-Saint-Georges,1165,48.652,3.408
77520,Villiers-sous-Grez,661,48.314,2.639
77521,Villiers-sur-Morin,2048,48.849,2.869
77522,Villiers-sur-Seine,291,48.456,3.383
77523,Villuis,255,48.405,3.359
77524,Vimpelles,515,48.443,3.166
77525,Vinantes,381,49.003,2.74
77526,Vincy-Manœuvre,275,49.076,2.958
77527,Voinsles,577,48.681,3.017
77528,Voisenon,1167,48.57,2.664
77529,Voulangis,1499,48.84,2.89
77530,Voulton,304,48.612,3.34
77531,Voulx,1632,48.285,2.97
77532,Vulaines-lès-Provins,70,48.564,3.22
77533,Vulaines-sur-Seine,2731,48.432,2.769
77534,Yèbles,958,48.638,2.769
78003,Ablis,3715,48.528,1.851
78005,Achères,21368,48.972,2.09
78006,Adainville,646,48.72,1.662
78007,Aigremont,1083,48.901,2.015
78009,Allainville,282,48.468,1.902
78010,Les Alluets-le-Roi,1273,48.914,1.915
78013,Andelu,504,48.888,1.811
78015,Andrésy,13230,48.982,2.05
78020,Arnouville-lès-Mantes,940,48.911,1.72
78029,Aubergenville,12317,48.963,1.849
78030,Auffargis,1974,48.684,1.902
78031,Auffreville-Brasseuil,655,48.954,1.705
78033,Aulnay-sur-Mauldre,1137,48.929,1.841
78034,Auteuil,991,48.84,1.819
78036,Autouillet,636,48.844,1.797
78043,Bailly,3650,48.837,2.081
78048,Bazainville,1456,48.807,1.668
78049,Bazemont,1695,48.932,1.874
78050,Bazoches-sur-Guyonne,674,48.774,1.852
78053,Béhoust,498,48.832,1.724
78057,Bennecourt,1837,49.048,1.572
78062,Beynes,7617,48.854,1.87
78068,Blaru,889,49.041,1.481
78070,Boinville-en-Mantois,287,48.928,1.749
78071,Boinville-le-Gaillard,604,48.496,1.871
78072,Boinvilliers,245,48.92,1.663
78073,Bois-d'Arcy,15435,48.804,2.019
78076,Boissets,282,48.859,1.588
78077,La Boissière-École,754,48.69,1.668
78082,Boissy-Mauvoisin,632,48.966,1.582
78084,Boissy-sans-Avoir,627,48.821,1.798
78087,Bonnelles,2123,48.618,2.03
78089,Bonnières-sur-Seine,5038,49.02,1.571
78090,Bouafle,2213,48.961,1.897
78092,Bougival,9031,48.864,2.138
78096,Bourdonné,504,48.754,1.654
78104,Breuil-Bois-Robert,763,48.944,1.715
78107,Bréval,1908,48.955,1.542
78108,Les Bréviaires,1311,48.721,1.816
78113,Brueil-en-Vexin,683,49.026,1.813
78117,Buc,5920,48.772,2.124
78118,Buchelay,3340,48.984,1.674
78120,Bullion,1914,48.625,1.983
78123,Carrières-sous-Poissy,18316,48.946,2.029
78124,Carrières-sur-Seine,15038,48.912,2.178
78125,La Celle-les-Bordes,825,48.642,1.945
78126,La Celle-Saint-Cloud,20476,48.847,2.135
78128,Cernay-la-Ville,1536,48.67,1.96
78133,Chambourcy,5736,48.896,2.033
78138,Chanteloup-les-Vignes,10735,48.976,2.032
78140,Chapet,1344,48.968,1.94
78143,Châteaufort,1515,48.739,2.095
78146,Chatou,29649,48.897,2.154
78147,Chaufour-lès-Bonnières,466,49.016,1.485
78152,Chavenay,1746,48.848,1.983
78158,Le Chesnay-Rocquencourt,30924,48.827,2.13
78160,Chevreuse,5536,48.707,2.037
78162,Choisel,534,48.674,2.014
78163,Civry-la-Forêt,357,48.864,1.617
78164,Clairefontaine-en-Yvelines,840,48.617,1.906
78165,Les Clayes-sous-Bois,17237,48.819,1.984
78168,Coignières,4377,48.75,1.914
78171,Condé-sur-Vesgre,1250,48.732,1.674
78172,Conflans-Sainte-Honorine,35926,49.0,2.099
78185,Courgent,382,48.896,1.659
78188,Cravent,417,48.99,1.485
78189,Crespières,1702,48.882,1.921
78190,Croissy-sur-Seine,10399,48.879,2.135
78192,Dammartin-en-Serve,1394,48.911,1.618
78193,Dampierre-en-Yvelines,1000,48.704,1.973
78194,Dannemarie,223,48.764,1.609
78196,Davron,282,48.864,1.948
78202,Drocourt,557,49.052,1.768
78206,Ecquevilly,4105,48.946,1.92
78208,Élancourt,26082,48.778,1.96
78209,Émancé,891,48.591,1.734
78217,Épône,6585,48.947,1.813
78220,Les Essarts-le-Roi,6775,48.716,1.895
78224,L'Étang-la-Ville,4673,48.867,2.06
78227,Évecquemont,771,49.017,1.942
78230,La Falaise,623,48.937,1.825
78231,Favrieux,159,48.945,1.642
78233,Feucherolles,3020,48.88,1.98
78234,Flacourt,186,48.932,1.643
78236,Flexanville,576,48.855,1.743
78237,Flins-Neuve-Église,158,48.893,1.577
78238,Flins-sur-Seine,2424,48.967,1.873
78239,Follainville-Dennemont,2173,49.023,1.709
78242,Fontenay-le-Fleury,13455,48.818,2.047
78245,Fontenay-Mauvoisin,425,48.961,1.648
78246,Fontenay-Saint-Père,948,49.028,1.754
78255,Freneuse,4285,49.05,1.61
78261,Gaillon-sur-Montcient,677,49.03,1.898
78262,Galluis,1263,48.798,1.791
78263,Gambais,2451,48.78,1.676
78264,Gambaiseuil,62,48.756,1.725
78265,Garancières,2512,48.824,1.758
78267,Gargenville,7863,48.993,1.811
78269,Gazeran,1288,48.633,1.778
78276,Gommecourt,639,49.071,1.594
78278,Goupillières,549,48.881,1.767
78281,Goussonville,636,48.924,1.767
78283,Grandchamp,291,48.72,1.614
78285,Gressey,541,48.833,1.603
78289,Grosrouvre,895,48.78,1.757
78290,Guernes,1075,49.015,1.642
78291,Guerville,2124,48.952,1.741
78296,Guitrancourt,628,49.008,1.779
78297,Guyancourt,29406,48.773,2.076
78299,Hardricourt,2480,49.011,1.887
78300,Hargeville,434,48.895,1.746
78302,La Hauteville,163,48.705,1.627
78305,Herbeville,237,48.903,1.89
78307,Hermeray,941,48.654,1.688
78310,Houdan,3699,48.799,1.597
78311,Houilles,33449,48.927,2.188
78314,Issou,3928,48.987,1.789
78317,Jambville,777,49.048,1.848
78320,Notre-Dame-de-la-Mer,707,49.035,1.537
78321,Jouars-Pontchartrain,5814,48.79,1.908
78322,Jouy-en-Josas,7928,48.766,2.163
78324,Jouy-Mauvoisin,557,48.974,1.647
78325,Jumeauville,613,48.907,1.784
78327,Juziers,3976,49.0,1.84
78329,Lainville-en-Vexin,797,49.062,1.817
78334,Lévis-Saint-Nom,1607,48.727,1.935
78335,Limay,17626,48.995,1.74
78337,Limetz-Villez,2025,49.06,1.551
78343,Les Loges-en-Josas,1646,48.762,2.139
78344,Lommoye,643,48.997,1.516
78346,Longnes,1544,48.923,1.58
78349,Longvilliers,501,48.574,1.999
78350,Louveciennes,7563,48.859,2.114
78354,Magnanville,6155,48.968,1.686
78356,Magny-les-Hameaux,9385,48.741,2.052
78358,Maisons-Laffitte,23080,48.952,2.152
78361,Mantes-la-Jolie,44539,48.998,1.693
78362,Mantes-la-Ville,21376,48.975,1.712
78364,Marcq,778,48.864,1.824
78366,Mareil-le-Guyon,406,48.791,1.852
78367,Mareil-Marly,3826,48.881,2.077
78368,Mareil-sur-Mauldre,1709,48.889,1.875
78372,Marly-le-Roi,16531,48.865,2.091
78380,Maule,6024,48.908,1.84
78381,Maulette,1049,48.784,1.616
78382,Maurecourt,4355,48.999,2.053
78383,Maurepas,18611,48.77,1.924
78384,Médan,1322,48.955,1.988
78385,Ménerville,216,48.957,1.596
78389,Méré,1667,48.796,1.82
78391,Méricourt,377,49.037,1.624
78396,Le Mesnil-le-Roi,6322,48.926,2.122
78397,Le Mesnil-Saint-Denis,6929,48.74,1.966
78398,Les Mesnuls,876,48.754,1.834
78401,Meulan-en-Yvelines,9041,49.006,1.913
78402,Mézières-sur-Seine,3826,48.953,1.783
78403,Mézy-sur-Seine,2287,49.003,1.869
78404,Millemont,285,48.808,1.725
78406,Milon-la-Chapelle,288,48.728,2.047
78407,Mittainville,641,48.663,1.636
78410,Moisson,936,49.068,1.664
78413,Mondreville,398,48.904,1.558
78415,Montainville,531,48.88,1.852
78416,Montalet-le-Bois,319,49.049,1.83
78417,Montchauvet,295,48.892,1.627
78418,Montesson,14511,48.917,2.14
78420,Montfort-l'Amaury,2870,48.771,1.809
78423,Montigny-le-Bretonneux,31777,48.78,2.03
78431,Morainvilliers,3082,48.934,1.946
78437,Mousseaux-sur-Seine,684,49.051,1.65
78439,Mulcent,106,48.878,1.652
78440,Les Mureaux,33977,48.989,1.914
78442,Neauphle-le-Château,3340,48.813,1.905
78443,Neauphle-le-Vieux,911,48.815,1.859
78444,Neauphlette,856,48.935,1.542
78451,Nézel,1083,48.942,1.839
78455,Noisy-le-Roi,7631,48.846,2.055
78460,Oinville-sur-Montcient,1095,49.026,1.846
78464,Orcemont,995,48.597,1.81
78465,Orgerus,2480,48.838,1.696
78466,Orgeval,6948,48.916,1.969
78470,Orphin,880,48.576,1.783
78472,Orsonville,327,48.478,1.827
78474,Orvilliers,946,48.855,1.642
78475,Osmoy,404,48.864,1.717
78478,Paray-Douaville,219,48.46,1.863
78481,Le Pecq,15832,48.894,2.105
78484,Perdreauville,658,48.97,1.613
78486,Le Perray-en-Yvelines,6543,48.697,1.844
78490,Plaisir,31375,48.813,1.947
78497,Poigny-la-Forêt,900,48.683,1.754
78498,Poissy,40016,48.924,2.027
78499,Ponthévrard,696,48.55,1.908
78501,Porcheville,3162,48.976,1.768
78502,Le Port-Marly,5608,48.88,2.109
78505,Prunay-le-Temple,411,48.859,1.671
78506,Prunay-en-Yvelines,841,48.527,1.805
78513,La Queue-les-Yvelines,2381,48.803,1.767
78516,Raizeux,1011,48.636,1.689
78517,Rambouillet,26816,48.654,1.826
78518,Rennemoulin,110,48.833,2.042
78520,Richebourg,1568,48.825,1.635
78522,Rochefort-en-Yvelines,883,48.592,1.98
78528,Rolleboise,356,49.019,1.602
78530,Rosay,377,48.911,1.684
78531,Rosny-sur-Seine,6929,48.996,1.608
78536,Sailly,340,49.043,1.794
78537,Saint-Arnoult-en-Yvelines,5870,48.572,1.935
78545,Saint-Cyr-l'École,20971,48.807,2.066
78548,Saint-Forget,443,48.713,1.997
78550,Saint-Germain-de-la-Grange,1841,48.833,1.902
78551,Saint-Germain-en-Laye,44380,48.941,2.099
78557,Saint-Hilarion,977,48.622,1.729
78558,Saint-Illiers-la-Ville,367,48.978,1.544
78559,Saint-Illiers-le-Bois,424,48.965,1.512
78561,Saint-Lambert,444,48.734,2.006
78562,Saint-Léger-en-Yvelines,1412,48.73,1.76
78564,Saint-Martin-de-Bréthencourt,678,48.515,1.916
78565,Saint-Martin-des-Champs,304,48.878,1.719
78567,Saint-Martin-la-Garenne,929,49.036,1.677
78569,Sainte-Mesme,913,48.536,1.941
78571,Saint-Nom-la-Bretèche,4886,48.863,2.019
78575,Saint-Rémy-lès-Chevreuse,7747,48.704,2.079
78576,Saint-Rémy-l'Honoré,1668,48.749,1.876
78586,Sartrouville,51220,48.94,2.175
78588,Saulx-Marchais,965,48.846,1.836
78590,Senlisse,501,48.685,1.972
78591,Septeuil,2272,48.888,1.685
78597,Soindres,713,48.954,1.672
78601,Sonchamp,1630,48.588,1.869
78605,Tacoignières,1143,48.833,1.665
78606,Le Tartre-Gaudran,38,48.697,1.604
78608,Le Tertre-Saint-Denis,121,48.942,1.608
78609,Tessancourt-sur-Aubette,998,49.025,1.918
78615,Thiverval-Grignon,1192,48.844,1.934
78616,Thoiry,1432,48.872,1.798
78618,Tilly,517,48.878,1.575
78620,Toussus-le-Noble,1157,48.747,2.118
78621,Trappes,33717,48.775,1.993
78623,Le Tremblay-sur-Mauldre,957,48.784,1.878
78624,Triel-sur-Seine,12388,48.978,2.009
78638,Vaux-sur-Seine,5083,49.01,1.974
78640,Vélizy-Villacoublay,22713,48.784,2.197
78642,Verneuil-sur-Seine,15914,48.987,1.963
78643,Vernouillet,10025,48.966,1.975
78644,La Verrière,6183,48.755,1.951
78646,Versailles,83587,48.803,2.118
78647,Vert,851,48.94,1.683
78650,Le Vésinet,15646,48.894,2.13
78653,Vicq,381,48.822,1.828
78655,Vieille-Église-en-Yvelines,612,48.67,1.875
78668,La Villeneuve-en-Chevrie,660,49.017,1.531
78672,Villennes-sur-Seine,5628,48.937,1.996
78674,Villepreux,11150,48.831,2.013
78677,Villette,528,48.926,1.694
78681,Villiers-le-Mahieu,856,48.853,1.774
78683,Villiers-Saint-Frédéric,3068,48.82,1.882
78686,Viroflay,16960,48.802,2.172
78688,Voisins-le-Bretonneux,10721,48.759,2.048
91001,Abbéville-la-Rivière,332,48.344,2.191
91016,Angerville,4395,48.31,2.006
91017,Angervilliers,1731,48.591,2.059
91021,Arpajon,11281,48.591,2.244
91022,Arrancourt,122,48.327,2.152
91027,Athis-Mons,36222,48.709,2.387
91035,Authon-la-Plaine,372,48.453,1.957
91037,Auvernaux,327,48.529,2.488
91038,Auvers-Saint-Georges,1277,48.477,2.226
91041,Avrainville,1030,48.558,2.244
91044,Ballainvilliers,4752,48.671,2.289
91045,Ballancourt-sur-Essonne,7757,48.522,2.388
91047,Baulne,1416,48.495,2.381
91064,Bièvres,4748,48.757,2.207
91067,Blandy,111,48.324,2.258
91069,Boigneville,383,48.328,2.366
91075,Bois-Herpin,82,48.372,2.244
91079,Boissy-la-Rivière,517,48.382,2.17
91080,Boissy-le-Cutté,1355,48.47,2.285
91081,Boissy-le-Sec,688,48.485,2.091
91085,Boissy-sous-Saint-Yon,3828,48.55,2.213
91086,Bondoufle,10862,48.614,2.38
91093,Boullay-les-Troux,639,48.675,2.048
91095,Bouray-sur-Juine,2080,48.512,2.296
91097,Boussy-Saint-Antoine,7980,48.69,2.534
91098,Boutervilliers,430,48.456,2.051
91099,Boutigny-sur-Essonne,2950,48.436,2.395
91100,Bouville,648,48.433,2.278
91103,Brétigny-sur-Orge,27106,48.602,2.302
91105,Breuillet,8873,48.572,2.166
91106,Breux-Jouy,1281,48.555,2.16
91109,Brières-les-Scellés,1250,48.464,2.143
91111,Briis-sous-Forges,3380,48.627,2.131
91112,Brouy,123,48.326,2.289
91114,Brunoy,25423,48.696,2.504
91115,Bruyères-le-Châtel,3584,48.6,2.187
91121,Buno-Bonnevaux,493,48.357,2.407
91122,Bures-sur-Yvette,9254,48.693,2.158
91129,Cerny,3345,48.486,2.311
91130,Chalo-Saint-Mars,1031,48.417,2.052
91131,Chalou-Moulineux,383,48.38,2.026
91132,Chamarande,1119,48.517,2.218
91135,Champcueil,2893,48.507,2.448
91136,Champlan,2597,48.708,2.278
91137,Champmotteux,363,48.344,2.315
91145,Chatignonville,71,48.469,1.932
91148,Chauffour-lès-Étréchy,137,48.508,2.168
91156,Cheptainville,2219,48.547,2.274
91159,Chevannes,1550,48.534,2.441
91161,Chilly-Mazarin,19938,48.708,2.311
91174,Corbeil-Essonnes,52683,48.604,2.469
91175,Corbreuse,1706,48.495,1.96
91179,Le Coudray-Montceaux,4814,48.559,2.487
91180,Courances,325,48.438,2.485
91184,Courdimanche-sur-Essonne,278,48.418,2.363
91186,Courson-Monteloup,576,48.598,2.141
91191,Crosne,9532,48.72,2.463
91195,Dannemois,843,48.46,2.464
91198,D'Huison-Longueville,1514,48.456,2.328
91200,Dourdan,11279,48.536,1.994
91201,Draveil,29173,48.678,2.422
91204,Écharcon,744,48.575,2.401
91207,Égly,6756,48.578,2.221
91215,Épinay-sous-Sénart,11869,48.687,2.516
91216,Épinay-sur-Orge,10760,48.673,2.318
91223,Étampes,26529,48.421,2.138
91225,Étiolles,3086,48.65,2.483
91226,Étréchy,6866,48.492,2.179
91228,Évry-Courcouronnes,66177,48.63,2.44
91232,La Ferté-Alais,3649,48.481,2.367
91235,Fleury-Mérogis,13983,48.633,2.368
91240,Fontaine-la-Rivière,172,48.36,2.165
91243,Fontenay-lès-Briis,2297,48.611,2.165
91244,Fontenay-le-Vicomte,1564,48.547,2.401
91247,La Forêt-le-Roi,502,48.476,2.047
91248,La Forêt-Sainte-Croix,158,48.384,2.23
91249,Forges-les-Bains,4132,48.62,2.083
91272,Gif-sur-Yvette,22352,48.699,2.128
91273,Gironville-sur-Essonne,762,48.366,2.346
91274,Gometz-la-Ville,1506,48.672,2.11
91275,Gometz-le-Châtel,2615,48.675,2.143
91284,Les Granges-le-Roi,1183,48.498,2.011
91286,Grigny,27257,48.657,2.388
91292,Guibeville,900,48.567,2.272
91293,Guigneville-sur-Essonne,883,48.464,2.371
91294,Guillerval,813,48.368,2.076
91312,Igny,10213,48.736,2.224
91315,Itteville,6603,48.514,2.344
91318,Janville-sur-Juine,1953,48.501,2.254
91319,Janvry,643,48.646,2.155
91326,Juvisy-sur-Orge,18424,48.692,2.374
91330,Lardy,5509,48.527,2.27
91332,Leudeville,1559,48.571,2.328
91333,Leuville-sur-Orge,4304,48.614,2.268
91338,Limours,6431,48.646,2.081
91339,Linas,7032,48.626,2.251
91340,Lisses,7292,48.597,2.425
91345,Longjumeau,20620,48.69,2.302
91347,Longpont-sur-Orge,6417,48.64,2.286
91359,Maisse,2802,48.396,2.37
91363,Marcoussis,8430,48.646,2.206
91374,Marolles-en-Beauce,238,48.369,2.204
91376,Marolles-en-Hurepoix,5667,48.565,2.299
91377,Massy,50962,48.728,2.275
91378,Mauchamps,371,48.527,2.197
91386,Mennecy,15711,48.559,2.438
91390,Le Mérévillois,3364,48.318,2.074
91393,Mérobert,630,48.416,1.996
91399,Mespuits,201,48.358,2.277
91405,Milly-la-Forêt,4603,48.403,2.465
91408,Moigny-sur-École,1279,48.437,2.44
91411,Les Molières,1896,48.672,2.073
91412,Mondeville,729,48.491,2.42
91414,Monnerville,378,48.348,2.038
91421,Montgeron,23800,48.695,2.462
91425,Montlhéry,8670,48.642,2.268
91432,Morangis,13211,48.703,2.336
91433,Morigny-Champigny,4405,48.441,2.208
91434,Morsang-sur-Orge,20785,48.656,2.351
91435,Morsang-sur-Seine,562,48.577,2.501
91441,Nainville-les-Roches,520,48.505,2.496
91457,La Norville,4312,48.581,2.266
91458,Nozay,4482,48.661,2.238
91461,Ollainville,5314,48.606,2.219
91463,Oncy-sur-École,1031,48.382,2.457
91468,Ormoy,2568,48.573,2.458
91469,Ormoy-la-Rivière,940,48.4,2.164
91471,Orsay,16007,48.7,2.187
91473,Orveau,151,48.449,2.297
91477,Palaiseau,34893,48.715,2.229
91479,Paray-Vieille-Poste,7868,48.724,2.36
91482,Pecqueuse,558,48.648,2.037
91494,Le Plessis-Pâté,4147,48.607,2.342
91495,Plessis-Saint-Benoist,329,48.445,2.003
91507,Prunay-sur-Essonne,299,48.352,2.361
91508,Puiselet-le-Marais,261,48.399,2.263
91511,Pussay,2169,48.35,1.998
91514,Quincy-sous-Sénart,9477,48.67,2.528
91519,Richarville,391,48.469,1.998
91521,Ris-Orangis,29825,48.645,2.408
91525,Roinville,1314,48.517,2.053
91526,Roinvilliers,108,48.345,2.237
91533,Saclas,1847,48.358,2.113
91534,Saclay,4323,48.735,2.166
91538,Saint-Aubin,681,48.715,2.14
91540,Saint-Chéron,5220,48.549,2.127
91544,Saint-Cyr-la-Rivière,489,48.35,2.137
91546,Saint-Cyr-sous-Dourdan,952,48.566,2.038
91547,Saint-Escobille,473,48.422,1.958
91549,Sainte-Geneviève-des-Bois,35846,48.641,2.33
91552,Saint-Germain-lès-Arpajon,11305,48.598,2.265
91553,Saint-Germain-lès-Corbeil,7472,48.626,2.491
91556,Saint-Hilaire,405,48.442,2.087
91560,Saint-Jean-de-Beauregard,476,48.666,2.171
91568,Saint-Maurice-Montcouronne,1536,48.579,2.121
91570,Saint-Michel-sur-Orge,21437,48.632,2.312
91573,Saint-Pierre-du-Perray,11680,48.606,2.516
91577,Saintry-sur-Seine,5829,48.593,2.494
91578,Saint-Sulpice-de-Favières,270,48.536,2.18
91579,Saint-Vrain,3023,48.537,2.323
91581,Saint-Yon,905,48.561,2.192
91587,Saulx-les-Chartreux,6583,48.685,2.266
91589,Savigny-sur-Orge,37371,48.684,2.349
91593,Sermaise,1594,48.531,2.089
91599,Soisy-sur-École,1207,48.479,2.482
91600,Soisy-sur-Seine,7322,48.66,2.463
91602,Souzy-la-Briche,464,48.527,2.154
91613,Congerville-Thionville,214,48.383,1.991
91617,Tigery,4318,48.644,2.519
91619,Torfou,278,48.532,2.234
91629,Valpuiseaux,621,48.392,2.303
91630,Le Val-Saint-Germain,1524,48.568,2.081
91631,Varennes-Jarcy,2296,48.682,2.562
91634,Vaugrigneuse,1417,48.601,2.105
91635,Vauhallan,2066,48.731,2.199
91639,Vayres-sur-Essonne,969,48.432,2.346
91645,Verrières-le-Buisson,14597,48.75,2.252
91648,Vert-le-Grand,2252,48.584,2.367
91649,Vert-le-Petit,2749,48.552,2.366
91654,Videlles,588,48.468,2.421
91657,Vigneux-sur-Seine,31050,48.704,2.428
91659,Villabé,5457,48.586,2.452
91661,Villebon-sur-Yvette,10322,48.696,2.235
91662,Villeconin,757,48.502,2.128
91665,La Ville-du-Bois,8080,48.661,2.265
91666,Villejust,2496,48.678,2.223
91667,Villemoisson-sur-Orge,7120,48.661,2.331
91671,Villeneuve-sur-Auvers,594,48.467,2.254
91679,Villiers-le-Bâcle,1097,48.729,2.122
91685,Villiers-sur-Orge,4584,48.658,2.3
91687,Viry-Châtillon,31045,48.67,2.374
91689,Wissous,6991,48.73,2.329
91691,Yerres,28699,48.716,2.493
91692,Les Ulis,25253,48.68,2.185
92002,Antony,63232,48.75,2.299
92004,Asnières-sur-Seine,89662,48.915,2.288
92007,Bagneux,43699,48.798,2.31
92009,Bois-Colombes,29765,48.915,2.267
92012,Boulogne-Billancourt,119808,48.837,2.239
92014,Bourg-la-Reine,20810,48.78,2.316
92019,Châtenay-Malabry,34898,48.768,2.263
92020,Châtillon,36777,48.803,2.288
92022,Chaville,19991,48.808,2.192
92023,Clamart,54491,48.796,2.255
92024,Clichy,64849,48.904,2.306
92025,Colombes,88870,48.922,2.247
92026,Courbevoie,81516,48.898,2.256
92032,Fontenay-aux-Roses,24772,48.79,2.287
92033,Garches,17898,48.845,2.187
92035,La Garenne-Colombes,29932,48.907,2.245
92036,Gennevilliers,49410,48.934,2.294
92040,Issy-les-Moulineaux,68580,48.824,2.264
92044,Levallois-Perret,68009,48.895,2.287
92046,Malakoff,30292,48.817,2.297
92047,Marnes-la-Coquette,1745,48.83,2.166
92048,Meudon,46342,48.804,2.227
92049,Montrouge,47657,48.815,2.316
92050,Nanterre,97351,48.896,2.207
92051,Neuilly-sur-Seine,59267,48.885,2.266
92060,Le Plessis-Robinson,29228,48.78,2.261
92062,Puteaux,43672,48.884,2.238
92063,Rueil-Malmaison,78186,48.869,2.177
92064,Saint-Cloud,29727,48.843,2.209
92071,Sceaux,20488,48.777,2.295
92072,Sèvres,22618,48.822,2.21
92073,Suresnes,49104,48.87,2.22
92075,Vanves,28014,48.822,2.287
92076,Vaucresson,8566,48.841,2.16
92077,Ville-d'Avray,10694,48.822,2.178
92078,Villeneuve-la-Garenne,25371,48.936,2.324
93001,Aubervilliers,90071,48.912,2.384
93005,Aulnay-sous-Bois,86135,48.946,2.493
93006,Bagnolet,39366,48.869,2.423
93007,Le Blanc-Mesnil,58257,48.94,2.461
93008,Bobigny,55056,48.908,2.439
93010,Bondy,52905,48.902,2.484
93013,Le Bourget,14832,48.936,2.428
93014,Clichy-sous-Bois,29735,48.908,2.546
93015,Coubron,5063,48.918,2.576
93027,La Courneuve,47160,48.932,2.4
93029,Drancy,71363,48.923,2.445
93030,Dugny,11328,48.95,2.424
93031,Épinay-sur-Seine,53489,48.955,2.314
93032,Gagny,40189,48.882,2.545
93033,Gournay-sur-Marne,6882,48.861,2.575
93039,L'Île-Saint-Denis,8664,48.94,2.326
93045,Les Lilas,23469,48.882,2.42
93046,Livry-Gargan,46028,48.92,2.535
93047,Montfermeil,27980,48.898,2.567
93048,Montreuil,111455,48.863,2.448
93049,Neuilly-Plaisance,21415,48.864,2.51
93050,Neuilly-sur-Marne,37531,48.862,2.54
93051,Noisy-le-Grand,70374,48.836,2.564
93053,Noisy-le-Sec,46094,48.891,2.459
93055,Pantin,60800,48.898,2.409
93057,Les Pavillons-sous-Bois,24165,48.908,2.503
93059,Pierrefitte-sur-Seine,32379,48.961,2.363
93061,Le Pré-Saint-Gervais,16865,48.885,2.405
93062,Le Raincy,14877,48.897,2.52
93063,Romainville,33266,48.885,2.438
93064,Rosny-sous-Bois,45655,48.875,2.486
93066,Saint-Denis,113942,48.93,2.359
93070,Saint-Ouen-sur-Seine,53207,48.91,2.333
93071,Sevran,51845,48.939,2.531
93072,Stains,40359,48.957,2.385
93073,Tremblay-en-France,37271,48.978,2.555
93074,Vaujours,7478,48.932,2.581
93077,Villemomble,30332,48.885,2.509
93078,Villepinte,38725,48.959,2.536
93079,Villetaneuse,12663,48.957,2.345
94001,Ablon-sur-Seine,5946,48.724,2.421
94002,Alfortville,45046,48.796,2.421
94003,Arcueil,21557,48.806,2.334
94004,Boissy-Saint-Léger,17570,48.747,2.525
94011,Bonneuil-sur-Marne,18750,48.773,2.488
94015,Bry-sur-Marne,17400,48.838,2.523
94016,Cachan,30592,48.792,2.332
94017,Champigny-sur-Marne,77724,48.817,2.517
94018,Charenton-le-Pont,29445,48.823,2.408
94019,Chennevières-sur-Marne,18367,48.798,2.542
94021,Chevilly-Larue,20326,48.767,2.353
94022,Choisy-le-Roi,46129,48.764,2.417
94028,Créteil,92989,48.784,2.455
94033,Fontenay-sous-Bois,51812,48.851,2.474
94034,Fresnes,28780,48.757,2.326
94037,Gentilly,19048,48.813,2.344
94038,L'Haÿ-les-Roses,31392,48.776,2.338
94041,Ivry-sur-Seine,64001,48.813,2.388
94042,Joinville-le-Pont,20413,48.819,2.47
94043,Le Kremlin-Bicêtre,24380,48.809,2.357
94044,Limeil-Brévannes,27999,48.745,2.489
94046,Maisons-Alfort,58068,48.806,2.438
94047,Mandres-les-Roses,4825,48.706,2.548
94048,Marolles-en-Brie,4689,48.74,2.555
94052,Nogent-sur-Marne,33472,48.837,2.482
94053,Noiseau,4610,48.774,2.555
94054,Orly,24482,48.743,2.395
94055,Ormesson-sur-Marne,10540,48.786,2.539
94056,Périgny,2725,48.697,2.562
94058,Le Perreux-sur-Marne,34213,48.842,2.504
94059,Le Plessis-Trévise,20218,48.806,2.576
94060,La Queue-en-Brie,12081,48.778,2.584
94065,Rungis,5647,48.75,2.353
94067,Saint-Mandé,21195,48.842,2.419
94068,Saint-Maur-des-Fossés,75441,48.799,2.494
94069,Saint-Maurice,14603,48.818,2.438
94070,Santeny,4003,48.736,2.576
94071,Sucy-en-Brie,27622,48.766,2.533
94073,Thiais,31097,48.761,2.385
94074,Valenton,14482,48.753,2.461
94075,Villecresnes,11642,48.721,2.532
94076,Villejuif,57753,48.793,2.36
94077,Villeneuve-le-Roi,21129,48.732,2.41
94078,Villeneuve-Saint-Georges,35492,48.741,2.449
94079,Villiers-sur-Marne,30669,48.826,2.545
94080,Vincennes,48798,48.847,2.438
94081,Vitry-sur-Seine,96205,48.788,2.394
95002,Ableiges,1107,49.086,1.975
95008,Aincourt,874,49.073,1.774
95011,Ambleville,393,49.151,1.695
95012,Amenucourt,207,49.11,1.65
95014,Andilly,2697,49.008,2.303
95018,Argenteuil,107221,48.951,2.241
95019,Arnouville,14585,48.986,2.417
95023,Arronville,624,49.174,2.113
95024,Arthies,268,49.095,1.797
95026,Asnières-sur-Oise,3082,49.141,2.38
95028,Attainville,1765,49.061,2.35
95039,Auvers-sur-Oise,6763,49.08,2.155
95040,Avernes,865,49.089,1.87
95042,Baillet-en-France,1893,49.059,2.302
95046,Banthelu,147,49.126,1.815
95051,Beauchamp,9158,49.015,2.192
95052,Beaumont-sur-Oise,9590,49.14,2.3
95054,Le Bellay-en-Vexin,218,49.149,1.879
95055,Bellefontaine,471,49.092,2.47
95056,Belloy-en-France,2228,49.092,2.372
95058,Bernes-sur-Oise,2722,49.165,2.301
95059,Berville,366,49.192,2.071
95060,Bessancourt,8172,49.037,2.198
95061,Béthemont-la-Forêt,418,49.054,2.251
95063,Bezons,32017,48.926,2.211
95074,Boisemont,859,49.019,2.004
95078,Boissy-l'Aillerie,2024,49.083,2.033
95088,Bonneuil-en-France,1166,48.965,2.435
95091,Bouffémont,6584,49.042,2.298
95094,Bouqueval,305,49.022,2.43
95101,Bray-et-Lû,960,49.142,1.666
95102,Bréançon,418,49.149,2.023
95110,Brignancourt,223,49.14,1.944
95116,Bruyères-sur-Oise,4356,49.161,2.329
95119,Buhy,322,49.192,1.703
95120,Butry-sur-Oise,2254,49.084,2.192
95127,Cergy,68348,49.04,2.051
95134,Champagne-sur-Oise,5021,49.143,2.228
95139,La Chapelle-en-Vexin,318,49.184,1.729
95141,Charmont,35,49.137,1.79
95142,Chars,2028,49.158,1.932
95144,Châtenay-en-France,77,49.065,2.463
95149,Chaumontel,3356,49.129,2.436
95150,Chaussy,617,49.114,1.704
95151,Chauvry,297,49.053,2.269
95154,Chennevières-lès-Louvres,306,49.042,2.546
95157,Chérence,118,49.091,1.681
95166,Cléry-en-Vexin,459,49.132,1.848
95169,Commeny,502,49.127,1.888
95170,Condécourt,550,49.038,1.937
95176,Cormeilles-en-Parisis,26741,48.968,2.199
95177,Cormeilles-en-Vexin,1285,49.113,2.02
95181,Courcelles-sur-Viosne,301,49.073,1.996
95183,Courdimanche,6816,49.041,1.999
95197,Deuil-la-Barre,22510,48.971,2.326
95199,Domont,16078,49.03,2.323
95203,Eaubonne,25373,48.991,2.278
95205,Écouen,7145,49.026,2.385
95210,Enghien-les-Bains,11440,48.97,2.305
95211,Ennery,2383,49.078,2.109
95212,Épiais-lès-Louvres,126,49.03,2.549
95213,Épiais-Rhus,608,49.124,2.073
95214,Épinay-Champlâtreux,62,49.09,2.407
95218,Éragny,18468,49.02,2.101
95219,Ermont,28987,48.988,2.257
95229,Ézanville,9573,49.039,2.363
95241,Fontenay-en-Parisis,2149,49.05,2.445
95250,Fosses,9929,49.1,2.499
95252,Franconville,37520,48.988,2.224
95253,Frémainville,509,49.066,1.87
95254,Frémécourt,544,49.124,1.994
95256,Frépillon,3334,49.05,2.205
95257,La Frette-sur-Seine,4621,48.974,2.178
95258,Frouville,349,49.158,2.147
95268,Garges-lès-Gonesse,42841,48.97,2.405
95270,Genainville,529,49.117,1.754
95271,Génicourt,513,49.095,2.061
95277,Gonesse,25963,48.986,2.457
95280,Goussainville,30693,49.024,2.466
95287,Grisy-les-Plâtres,702,49.133,2.048
95288,Groslay,8416,48.985,2.35
95295,Guiry-en-Vexin,142,49.116,1.856
95298,Haravilliers,577,49.175,2.037
95301,Haute-Isle,290,49.083,1.663
95303,Le Heaulme,205,49.167,2.0
95304,Hédouville,279,49.158,2.178
95306,Herblay-sur-Seine,31605,49.001,2.15
95308,Hérouville-en-Vexin,573,49.105,2.127
95309,Hodent,219,49.142,1.762
95313,L'Isle-Adam,11846,49.107,2.234
95316,Jagny-sous-Bois,272,49.081,2.444
95323,Jouy-le-Moutier,17175,49.011,2.034
95328,Labbeville,643,49.134,2.135
95331,Lassy,190,49.095,2.438
95341,Livilliers,384,49.1,2.095
95348,Longuesse,520,49.062,1.927
95351,Louvres,12083,49.042,2.504
95352,Luzarches,4867,49.115,2.441
95353,Maffliers,1806,49.084,2.312
95355,Magny-en-Vexin,5788,49.159,1.81
95365,Mareil-en-France,717,49.07,2.418
95369,Margency,2896,49.002,2.289
95370,Marines,3422,49.148,1.984
95371,Marly-la-Ville,5681,49.082,2.509
95379,Maudétour-en-Vexin,198,49.109,1.777
95387,Menouville,63,49.153,2.108
95388,Menucourt,6093,49.028,1.975
95392,Mériel,5213,49.077,2.213
95394,Méry-sur-Oise,10046,49.055,2.174
95395,Le Mesnil-Aubry,905,49.054,2.392
95409,Moisselles,1254,49.046,2.337
95422,Montgeroult,338,49.091,2.008
95424,Montigny-lès-Cormeilles,22603,48.994,2.194
95426,Montlignon,2894,49.014,2.289
95427,Montmagny,14775,48.97,2.346
95428,Montmorency,21870,48.992,2.321
95429,Montreuil-sur-Epte,390,49.17,1.686
95430,Montsoult,4068,49.072,2.304
95436,Mours,1667,49.13,2.264
95438,Moussy,113,49.135,1.909
95445,Nerville-la-Forêt,767,49.09,2.276
95446,Nesles-la-Vallée,1803,49.126,2.172
95447,Neuilly-en-Vexin,235,49.174,1.98
95450,Neuville-sur-Oise,2070,49.017,2.063
95452,Nointel,877,49.129,2.294
95456,Noisy-sur-Oise,615,49.135,2.328
95459,Nucourt,712,49.16,1.856
95462,Omerville,324,49.143,1.722
95476,Osny,17277,49.068,2.063
95480,Parmain,5610,49.123,2.201
95483,Le Perchay,522,49.116,1.927
95487,Persan,13996,49.15,2.27
95488,Pierrelaye,9998,49.019,2.161
95489,Piscop,706,49.017,2.342
95491,Le Plessis-Bouchard,8393,49.003,2.234
95492,Le Plessis-Gassot,89,49.036,2.416
95493,Le Plessis-Luzarches,129,49.096,2.455
95500,Pontoise,31327,49.051,2.095
95504,Presles,3970,49.112,2.287
95509,Puiseux-en-France,3757,49.067,2.488
95510,Puiseux-Pontoise,583,49.064,2.016
95523,La Roche-Guyon,448,49.088,1.634
95527,Roissy-en-France,2738,49.007,2.514
95529,Ronquerolles,882,49.168,2.213
95535,Sagy,1101,49.053,1.968
95539,Saint-Brice-sous-Forêt,15209,49.002,2.35
95541,Saint-Clair-sur-Epte,986,49.213,1.703
95543,Saint-Cyr-en-Arthies,237,49.059,1.742
95554,Saint-Gervais,891,49.167,1.762
95555,Saint-Gratien,20866,48.969,2.285
95563,Saint-Leu-la-Forêt,15979,49.02,2.247
95566,Saint-Martin-du-Tertre,2663,49.104,2.334
95572,Saint-Ouen-l'Aumône,25023,49.044,2.129
95574,Saint-Prix,7404,49.021,2.27
95580,Saint-Witz,2419,49.086,2.552
95582,Sannois,26768,48.972,2.253
95584,Santeuil,661,49.13,1.958
95585,Sarcelles,58424,48.99,2.382
95592,Seraincourt,1305,49.042,1.879
95594,Seugy,1045,49.123,2.395
95598,Soisy-sous-Montmorency,18008,48.988,2.3
95604,Survilliers,4216,49.106,2.544
95607,Taverny,27025,49.027,2.221
95610,Théméricourt,295,49.09,1.905
95611,Theuville,53,49.157,2.069
95612,Le Thillay,4589,49.004,2.469
95625,Us,1338,49.105,1.958
95627,Vallangoujard,607,49.134,2.104
95628,Valmondois,1215,49.098,2.18
95633,Vaudherland,100,49.0,2.486
95637,Vauréal,16034,49.03,2.024
95641,Vémars,2848,49.063,2.567
95651,Vétheuil,877,49.062,1.707
95652,Viarmes,5386,49.123,2.378
95656,Vienne-en-Arthies,368,49.066,1.722
95658,Vigny,1115,49.08,1.93
95660,Villaines-sous-Bois,775,49.075,2.357
95675,Villeron,1564,49.061,2.534
95676,Villers-en-Arthies,489,49.086,1.73
95678,Villiers-Adam,852,49.07,2.24
95680,Villiers-le-Bel,28836,49.008,2.404
95682,Villiers-le-Sec,196,49.074,2.387
95690,Wy-dit-Joli-Village,329,49.096,1.825
